<?xml version="1.0"?>
<ruleset name="FOSSology PHP Coding Standard">
  <description>Coding standard created based on FOSSology's Coding
    Guidelines for PHP</description>

  <!--
    The coding guidelines must be followed for the PHP files. These files
    are generally located in the following locations. This list can be extended
    based on new features/files.
  -->
  <file>cli</file>
  <file>decider</file>
  <file>deciderjob</file>
  <file>delagent/ui</file>
  <file>lib/php</file>
  <file>monk/ui</file>
  <file>nomos/ui</file>
  <file>readmeoss</file>
  <file>reuser</file>
  <file>spasht</file>
  <file>spdx2</file>
  <file>unifiedreport</file>
  <file>softwareHeritage</file>
  <file>www/ui</file>

  <!--
    The vendor folder by composer must not be scanned.
  -->
  <exclude-pattern>vendor</exclude-pattern>

  <!--
    Set the file extensions to be scanned.
  -->
  <arg name="extensions" value="php" />

  <rule ref="Generic.ControlStructures.InlineControlStructure" />
  <rule ref="Generic.Files.LineEndings" />
  <rule ref="Generic.Functions.OpeningFunctionBraceBsdAllman" />
  <rule ref="Generic.NamingConventions.UpperCaseConstantName" />
  <rule ref="Generic.PHP.LowerCaseKeyword" />
  <rule ref="Generic.WhiteSpace.DisallowTabIndent" />
  <rule ref="PEAR.ControlStructures.ControlSignature" />
  <rule ref="Squiz.WhiteSpace.SuperfluousWhitespace" />
  <rule ref="Zend.Files.ClosingTag"></rule>

  <rule ref="Generic.WhiteSpace.ScopeIndent">
    <properties>
      <property name="indent" value="2" />
    </properties>
  </rule>

  <rule ref="Generic.Commenting.Todo.CommentFound">
    <message>Please review this TODO comment: %s</message>
    <severity>3</severity>
  </rule>

  <rule ref="PSR2.Classes.ClassDeclaration">
    <properties>
      <property name="indent" value="2" />
    </properties>
  </rule>

  <rule ref="PEAR.WhiteSpace.ScopeClosingBrace">
    <properties>
      <property name="indent" value="2" />
    </properties>
  </rule>
</ruleset>
